<customapi uniquename="adc_ValidateVAT">
  <allowedcustomprocessingsteptype>2</allowedcustomprocessingsteptype>
  <bindingtype>0</bindingtype>
  <description default="Validate VAT">
    <label description="Validate VAT" languagecode="1033" />
  </description>
  <displayname default="Validate VAT">
    <label description="Validate VAT" languagecode="1033" />
  </displayname>
  <iscustomizable>1</iscustomizable>
  <isfunction>0</isfunction>
  <isprivate>0</isprivate>
  <name>adc_ValidateVAT</name>
  <plugintypeid>
    <plugintypeexportkey>6E640CB893B479F69119402C2910D07D99D70BDEB10EE031F31BF471260F7BFC</plugintypeexportkey>
  </plugintypeid>
  <workflowsdkstepenabled>1</workflowsdkstepenabled>
</customapi>