<customapi uniquename="mwo_ValidateVAT">
  <allowedcustomprocessingsteptype>2</allowedcustomprocessingsteptype>
  <bindingtype>0</bindingtype>
  <description default="Validate VAT">
    <label description="Validate VAT" languagecode="1033" />
  </description>
  <displayname default="Validate VAT">
    <label description="Validate VAT" languagecode="1033" />
  </displayname>
  <iscustomizable>1</iscustomizable>
  <isfunction>0</isfunction>
  <isprivate>0</isprivate>
  <name>mwo_ValidateVAT</name>
  <plugintypeid>
    <plugintypeexportkey>C512E18E050B42AD7B4AAC4FF9028DBAA915ECEB01D84DF4CECAD1A45DF76113</plugintypeexportkey>
  </plugintypeid>
  <workflowsdkstepenabled>1</workflowsdkstepenabled>
</customapi>